{
	"credit": "Made with Blockbench",
	"parent": "block/cube_directional",
	"textures": {
		"0": "greenstone:computer/front",
		"1": "computer/side_with_port",
		"2": "computer/back",
		"3": "computer/side_without_port",
		"particle": "greenstone:computer/front"
	},
	"elements": [
		{
			"from": [0, 0, 0],
			"to": [16, 16, 16],
			"faces": {
				"north": {"uv": [0, 0, 16, 16], "texture": "#0"},
				"east": {"uv": [0, 0, 16, 16], "texture": "#1"},
				"south": {"uv": [0, 0, 16, 16], "texture": "#2"},
				"west": {"uv": [0, 0, 16, 16], "texture": "#1"},
				"up": {"uv": [0, 0, 16, 16], "texture": "#3"},
				"down": {"uv": [0, 0, 16, 16], "texture": "#3"}
			}
		}
	],
	"display": {}
}